-353.201905,306.80500000000006,229.99714999999998
-353.201905,306.80500000000006,229.51794999999998
-353.201905,306.80500000000006,229.03875
-353.201905,306.80500000000006,228.55955
-353.201905,306.80500000000006,228.08034999999998
-353.201905,306.80500000000006,227.60115
-353.201905,306.80500000000006,227.12194999999997
-353.201905,306.80500000000006,226.64274999999998
-353.201905,306.80500000000006,226.16355
-353.201905,306.80500000000006,225.68435
-353.201905,306.80500000000006,225.20515
-353.201905,306.80500000000006,224.72594999999998
-353.201905,306.80500000000006,224.24674999999996
-353.201905,306.80500000000006,223.76754999999997
-353.201905,306.80500000000006,223.28834999999998
-353.201905,306.80500000000006,222.80915
-353.201905,306.80500000000006,222.32995
-353.201905,306.80500000000006,221.85075
-353.201905,306.80500000000006,221.37154999999998
-353.201905,306.80500000000006,220.89234999999996
-353.201905,306.80500000000006,220.41314999999997
-353.201905,306.80500000000006,219.93394999999998
-353.201905,306.80500000000006,219.45475
-353.201905,306.80500000000006,218.97555
-353.201905,306.80500000000006,218.49634999999998
-353.201905,306.80500000000006,218.01715
-353.201905,306.80500000000006,217.53794999999997
-353.201905,306.80500000000006,217.05874999999997
-353.201905,306.80500000000006,216.57954999999998
-353.201905,306.80500000000006,216.10035
-353.201905,306.80500000000006,215.62115
-353.201905,306.80500000000006,215.14194999999998
-353.201905,306.80500000000006,214.66275
-353.201905,306.80500000000006,214.18354999999997
-353.201905,306.80500000000006,213.70434999999998
-353.201905,306.80500000000006,213.22514999999999
-353.201905,306.80500000000006,212.74595
-353.201905,306.80500000000006,212.26675
-353.201905,306.80500000000006,211.78754999999998
-353.201905,306.80500000000006,211.30835
-353.201905,306.80500000000006,210.82914999999997
-353.201905,306.80500000000006,210.34994999999998
-353.201905,306.80500000000006,209.87075
-353.201905,306.80500000000006,209.39155
-353.201905,306.80500000000006,208.91235
-353.201905,306.80500000000006,208.43314999999998
-353.201905,306.80500000000006,207.95394999999996
-353.201905,306.80500000000006,207.47474999999997
-353.201905,306.80500000000006,206.99554999999998
-353.201905,306.80500000000006,206.51635
-353.201905,306.80500000000006,206.03715
-353.201905,306.80500000000006,205.55795
-353.201905,306.80500000000006,205.07874999999999
-353.201905,306.80500000000006,204.59954999999997
-353.201905,306.80500000000006,204.12034999999997
-353.201905,306.80500000000006,203.64114999999998
-353.201905,306.80500000000006,203.16195
-353.201905,306.80500000000006,202.68275
-353.201905,306.80500000000006,202.20354999999998
-353.201905,306.80500000000006,201.72435
-353.201905,306.80500000000006,201.24514999999997
-353.201905,306.80500000000006,200.76594999999998
-353.201905,306.80500000000006,200.28674999999998
-353.201905,306.80500000000006,199.80755
-353.201905,306.80500000000006,199.32835
-353.201905,306.80500000000006,198.84914999999998
-353.201905,306.80500000000006,198.36995
-353.201905,306.80500000000006,197.89074999999997
-353.201905,306.80500000000006,197.41154999999998
-353.201905,306.80500000000006,196.93234999999999
-353.201905,306.80500000000006,196.45315
-353.201905,306.80500000000006,195.97395
-353.201905,306.80500000000006,195.49474999999998
-353.201905,306.80500000000006,195.01555
-353.201905,306.80500000000006,194.53634999999997
-353.201905,306.80500000000006,194.05714999999998
-353.201905,306.80500000000006,193.57795
-353.201905,306.80500000000006,193.09875
-353.201905,306.80500000000006,192.61955
-353.201905,306.80500000000006,192.14034999999998
-353.201905,306.80500000000006,191.66114999999996
-353.201905,306.80500000000006,191.18194999999997
-353.201905,306.80500000000006,190.70274999999998
-353.201905,306.80500000000006,190.22355
-353.201905,306.80500000000006,189.74435
-353.201905,306.80500000000006,189.26514999999998
-353.201905,306.80500000000006,188.78594999999999
-353.201905,306.80500000000006,188.30674999999997
-353.201905,306.80500000000006,187.82754999999997
-353.201905,306.80500000000006,187.34834999999998
-353.201905,306.80500000000006,186.86915
-353.201905,306.80500000000006,186.38995
-353.201905,306.80500000000006,185.91074999999998
-353.201905,306.80500000000006,185.43155
-353.201905,306.80500000000006,184.95234999999997
-353.201905,306.80500000000006,184.47314999999998
-353.201905,306.80500000000006,183.99394999999998
-353.201905,306.80500000000006,183.51475
-353.201905,306.80500000000006,183.03555
-353.201905,306.80500000000006,182.55634999999998
-353.201905,306.80500000000006,182.07715
-353.201905,306.80500000000006,181.59794999999997
-353.201905,306.80500000000006,181.11874999999998
-353.201905,306.80500000000006,180.63954999999999
-353.201905,306.80500000000006,180.16035
-353.201905,306.80500000000006,179.68115
-353.201905,306.80500000000006,179.20194999999998
-353.201905,306.80500000000006,178.72275
-353.201905,306.80500000000006,178.24354999999997
-353.201905,306.80500000000006,177.76434999999998
-353.201905,306.80500000000006,177.28515
-353.201905,306.80500000000006,176.80595
-353.201905,306.80500000000006,176.32674999999998
-353.201905,306.80500000000006,175.84754999999998
-353.201905,306.80500000000006,175.36835
-353.201905,306.80500000000006,174.88914999999997
-353.201905,306.80500000000006,174.40994999999998
-353.201905,306.80500000000006,173.93075
-353.201905,306.80500000000006,173.45155
-353.201905,306.80500000000006,172.97234999999998
-353.201905,306.80500000000006,172.49314999999999
-353.201905,306.80500000000006,172.01395
-353.201905,306.80500000000006,171.53474999999997
-353.201905,306.80500000000006,171.05554999999998
-353.201905,306.80500000000006,170.57635
-353.201905,306.80500000000006,170.09715
-353.201905,306.80500000000006,169.61794999999998
-353.201905,306.80500000000006,169.13875
-353.201905,306.80500000000006,168.65954999999997
-353.201905,306.80500000000006,168.18034999999998
-353.201905,306.80500000000006,167.70114999999998
-353.201905,306.80500000000006,167.22195
-353.201905,306.80500000000006,166.74275
-353.201905,306.80500000000006,166.26354999999998
-353.201905,306.80500000000006,165.78435
-353.201905,306.80500000000006,165.30514999999997
-353.201905,306.80500000000006,164.82594999999998
-353.201905,306.80500000000006,164.34675
-353.201905,306.80500000000006,163.86755
-353.201905,306.80500000000006,163.38834999999997
-353.201905,306.80500000000006,162.90914999999998
-353.201905,306.80500000000006,162.42995
-353.201905,306.80500000000006,161.95074999999997
-353.201905,306.80500000000006,161.47154999999998
-353.201905,306.80500000000006,160.99235
-353.201905,306.80500000000006,160.51315
-353.201905,306.80500000000006,160.03394999999998
-353.201905,306.80500000000006,159.55474999999998
-353.201905,306.80500000000006,159.07555
-353.201905,306.80500000000006,158.59634999999997
-353.201905,306.80500000000006,158.11714999999998
-353.201905,306.80500000000006,157.63795
-353.201905,306.80500000000006,157.15875
-353.201905,306.80500000000006,156.67954999999998
-353.201905,306.80500000000006,156.20035
-353.201905,306.80500000000006,155.72115
-353.201905,306.80500000000006,155.24194999999997
-353.201905,306.80500000000006,154.76274999999998
-353.201905,306.80500000000006,154.28355
-353.201905,306.80500000000006,153.80435
-353.201905,306.80500000000006,153.32514999999998
-353.201905,306.80500000000006,152.84595
-353.201905,306.80500000000006,152.36674999999997
-353.201905,306.80500000000006,151.88754999999998
-353.201905,306.80500000000006,151.40834999999998
-353.201905,306.80500000000006,150.92915
-353.201905,306.80500000000006,150.44995
-353.201905,306.80500000000006,149.97074999999998
-353.201905,306.80500000000006,149.49155
-353.201905,306.80500000000006,149.01234999999997
-353.201905,306.80500000000006,148.53314999999998
-353.201905,306.80500000000006,148.05395
-353.201905,306.80500000000006,147.57475
-353.201905,306.80500000000006,147.09554999999997
-353.201905,306.80500000000006,146.61634999999998
-353.201905,306.80500000000006,146.13715
-353.201905,306.80500000000006,145.65794999999997
-353.201905,306.80500000000006,145.17874999999998
-353.201905,306.80500000000006,144.69955
-353.201905,306.80500000000006,144.22035
-353.201905,306.80500000000006,143.74114999999998
-353.201905,306.80500000000006,143.26194999999998
-353.201905,306.80500000000006,142.78275
-353.201905,306.80500000000006,142.30354999999997
-353.201905,306.80500000000006,141.82434999999998
-353.201905,306.80500000000006,141.34515
-353.201905,306.80500000000006,140.86595
-353.201905,306.80500000000006,140.38674999999998
-353.201905,306.80500000000006,139.90755
-353.201905,306.80500000000006,139.42835
-353.201905,306.80500000000006,138.94914999999997
-353.201905,306.80500000000006,138.46994999999998
-353.201905,306.80500000000006,137.99075
-353.201905,306.80500000000006,137.51155
-353.201905,306.80500000000006,137.03234999999998
-353.201905,306.80500000000006,136.55315
-353.201905,306.80500000000006,136.07395
-353.201905,306.80500000000006,135.59474999999998
-353.201905,306.80500000000006,135.11554999999998
-353.201905,306.80500000000006,134.63635
-353.201905,306.80500000000006,134.15714999999997
-353.201905,306.80500000000006,133.67794999999998
-353.201905,306.80500000000006,133.19875
-353.201905,306.80500000000006,132.71954999999997
-353.201905,306.80500000000006,132.24034999999998
-353.201905,306.80500000000006,131.76115
-353.201905,306.80500000000006,131.28195
-353.201905,306.80500000000006,130.80274999999997
-353.201905,306.80500000000006,130.32354999999998
-353.201905,306.80500000000006,129.84435
-353.201905,306.80500000000006,129.36514999999997
-353.201905,306.80500000000006,128.88594999999998
-353.201905,306.80500000000006,128.40675
-353.201905,306.80500000000006,127.92754999999998
-353.201905,306.80500000000006,127.44834999999998
-353.201905,306.80500000000006,126.96914999999998
-353.201905,306.80500000000006,126.48994999999998
-353.201905,306.80500000000006,126.01074999999999
-353.201905,306.80500000000006,125.53154999999998
-353.201905,306.80500000000006,125.05234999999999
-353.201905,306.80500000000006,124.57314999999997
-353.201905,306.80500000000006,124.09394999999998
-353.201905,306.80500000000006,123.61474999999999
-353.201905,306.80500000000006,123.13554999999998
-353.201905,306.80500000000006,122.65634999999999
-353.201905,306.80500000000006,122.17714999999997
-353.201905,306.80500000000006,121.69794999999999
-353.201905,306.80500000000006,121.21874999999997
-353.201905,306.80500000000006,120.73954999999998
-353.201905,306.80500000000006,120.26034999999999
-353.201905,306.80500000000006,119.78114999999997
-353.201905,306.80500000000006,119.30194999999998
-353.201905,306.80500000000006,118.82274999999997
-353.201905,306.80500000000006,118.34354999999998
-353.201905,306.80500000000006,117.86434999999999
-353.201905,306.80500000000006,117.38514999999997
-353.201905,306.80500000000006,116.90594999999999
-353.201905,306.80500000000006,116.42674999999997
-353.201905,306.80500000000006,115.94754999999999
-353.201905,306.80500000000006,115.46834999999999
-353.201905,306.80500000000006,114.98914999999998
-353.201905,306.80500000000006,114.50994999999998
-353.201905,306.80500000000006,114.03074999999997
-353.201905,306.80500000000006,113.55154999999998
-353.201905,306.80500000000006,113.07234999999999
-353.201905,306.80500000000006,112.59314999999998
-353.201905,306.80500000000006,112.11394999999999
-353.201905,306.80500000000006,111.63474999999997
-353.201905,306.80500000000006,111.15554999999998
-353.201905,306.80500000000006,110.67634999999997
-353.201905,306.80500000000006,110.19714999999998
-353.201905,306.80500000000006,109.71794999999999
-353.201905,306.80500000000006,109.23874999999997
-353.201905,306.80500000000006,108.75954999999999
-353.201905,306.80500000000006,108.28034999999997
-353.201905,306.80500000000006,107.80114999999998
-353.201905,306.80500000000006,107.32194999999999
-353.201905,306.80500000000006,106.84274999999997
-353.201905,306.80500000000006,106.36354999999999
-353.201905,306.80500000000006,105.88434999999997
-353.201905,306.80500000000006,105.40514999999999
-353.201905,306.80500000000006,104.92594999999999
-353.201905,306.80500000000006,104.44674999999998
-353.201905,306.80500000000006,103.96754999999999
-353.201905,306.80500000000006,103.48834999999998
-353.201905,306.80500000000006,103.00914999999998
-353.201905,306.80500000000006,102.52994999999999
-353.201905,306.80500000000006,102.05074999999998
-353.201905,306.80500000000006,101.57154999999999
-353.201905,306.80500000000006,101.09234999999998
-353.201905,306.80500000000006,100.61314999999999
-353.201905,306.80500000000006,100.13394999999998
-353.201905,306.80500000000006,99.65474999999998
-353.201905,306.80500000000006,99.17554999999999
-353.201905,306.80500000000006,98.69634999999998
-353.201905,306.80500000000006,98.21714999999998
-353.201905,306.80500000000006,97.73794999999998
-353.201905,306.80500000000006,97.25874999999999
-353.201905,306.80500000000006,96.77954999999999
-353.201905,306.80500000000006,96.30034999999998
-353.201905,306.80500000000006,95.82114999999999
-353.201905,306.80500000000006,95.34194999999998
-353.201905,306.80500000000006,94.86274999999998
-353.201905,306.80500000000006,94.38354999999999
-353.201905,306.80500000000006,93.90434999999998
-353.201905,306.80500000000006,93.42514999999999
-353.201905,306.80500000000006,92.94594999999998
-353.201905,306.80500000000006,92.46674999999999
-353.201905,306.80500000000006,91.98754999999998
-353.201905,306.80500000000006,91.50834999999998
-353.201905,306.80500000000006,91.02914999999999
-353.201905,306.80500000000006,90.54994999999998
-353.201905,306.80500000000006,90.07074999999998
-353.201905,306.80500000000006,89.59154999999998
-353.201905,306.80500000000006,89.11234999999999
-353.201905,306.80500000000006,88.63314999999999
-353.201905,306.80500000000006,88.15394999999998
-353.201905,306.80500000000006,87.67474999999999
-353.201905,306.80500000000006,87.19554999999998
-353.201905,306.80500000000006,86.71634999999998
-353.201905,306.80500000000006,86.23714999999999
-353.201905,306.80500000000006,85.75794999999998
-353.201905,306.80500000000006,85.27874999999999
-353.201905,306.80500000000006,84.79954999999998
-353.201905,306.80500000000006,84.32034999999999
-353.201905,306.80500000000006,83.84114999999998
-353.201905,306.80500000000006,83.36194999999998
-353.201905,306.80500000000006,82.88274999999999
-353.201905,306.80500000000006,82.40354999999998
-353.201905,306.80500000000006,81.92434999999998
-353.201905,306.80500000000006,81.44514999999998
-353.201905,306.80500000000006,80.96594999999999
-353.201905,306.80500000000006,80.48674999999999
-353.201905,306.80500000000006,80.00754999999998
-353.201905,306.80500000000006,79.52834999999999
-353.201905,306.80500000000006,79.04914999999998
-353.201905,306.80500000000006,78.56994999999998
-353.201905,306.80500000000006,78.09074999999999
-353.201905,306.80500000000006,77.61155
-353.201905,306.80500000000006,77.13234999999997
-353.201905,306.80500000000006,76.65314999999998
-353.201905,306.80500000000006,76.17394999999999
-353.201905,306.80500000000006,75.69474999999998
-353.201905,306.80500000000006,75.21554999999998
-353.201905,306.80500000000006,74.73634999999999
-353.201905,306.80500000000006,74.25714999999998
-353.201905,306.80500000000006,73.77794999999998
-353.201905,306.80500000000006,73.29874999999998
-353.201905,306.80500000000006,72.81954999999999
-353.201905,306.80500000000006,72.34034999999999
-353.201905,306.80500000000006,71.86114999999998
-353.201905,306.80500000000006,71.38194999999999
-353.201905,306.80500000000006,70.90274999999998
-353.201905,306.80500000000006,70.42354999999998
-353.201905,306.80500000000006,69.94434999999999
-353.201905,306.80500000000006,69.46515
-353.201905,306.80500000000006,68.98594999999997
-353.201905,306.80500000000006,68.50674999999998
-353.201905,306.80500000000006,68.02754999999999
-353.201905,306.80500000000006,67.54834999999999
-353.201905,306.80500000000006,67.06914999999998
-353.201905,306.80500000000006,66.58994999999999
-353.201905,306.80500000000006,66.11074999999998
-353.201905,306.80500000000006,65.63154999999998
-353.201905,306.80500000000006,65.15234999999998
-353.201905,306.80500000000006,64.67314999999999
-353.201905,306.80500000000006,64.19394999999999
-353.201905,306.80500000000006,63.71474999999998
-353.201905,306.80500000000006,63.23554999999998
-353.201905,306.80500000000006,62.75634999999998
-353.201905,306.80500000000006,62.277149999999985
-353.201905,306.80500000000006,61.797949999999986
-353.201905,306.80500000000006,61.31874999999999
-353.201905,306.80500000000006,60.83954999999998
-353.201905,306.80500000000006,60.36034999999998
-353.201905,306.80500000000006,59.881149999999984
-353.201905,306.80500000000006,59.401949999999985
-353.201905,306.80500000000006,58.922749999999986
-353.201905,306.80500000000006,58.44354999999998
-353.201905,306.80500000000006,57.96434999999998
-353.201905,306.80500000000006,57.48514999999998
-353.201905,306.80500000000006,57.005949999999984
-353.201905,306.80500000000006,56.526749999999986
-353.201905,306.80500000000006,56.04754999999999
-353.201905,306.80500000000006,55.56834999999998
-353.201905,306.80500000000006,55.08914999999998
-353.201905,306.80500000000006,54.609949999999984
-353.201905,306.80500000000006,54.130749999999985
-353.201905,306.80500000000006,53.651549999999986
-353.201905,306.80500000000006,53.17234999999999
-353.201905,306.80500000000006,52.69314999999998
-353.201905,306.80500000000006,52.21394999999998
-353.201905,306.80500000000006,51.734749999999984
-353.201905,306.80500000000006,51.255549999999985
-353.201905,306.80500000000006,50.77634999999998
-353.201905,306.80500000000006,50.29714999999999
-353.201905,306.80500000000006,49.81794999999998
-353.201905,306.80500000000006,49.33874999999999
-353.201905,306.80500000000006,48.859549999999984
-353.201905,306.80500000000006,48.38034999999998
-353.201905,306.80500000000006,47.90114999999999
-353.201905,306.80500000000006,47.42194999999998
-353.201905,306.80500000000006,46.94274999999999
-353.201905,306.80500000000006,46.463549999999984
-353.201905,306.80500000000006,45.98434999999998
-353.201905,306.80500000000006,45.505149999999986
-353.201905,306.80500000000006,45.02594999999998
-353.201905,306.80500000000006,44.54674999999999
-353.201905,306.80500000000006,44.06754999999998
-353.201905,306.80500000000006,43.58834999999998
-353.201905,306.80500000000006,43.109149999999985
-353.201905,306.80500000000006,42.62994999999998
-353.201905,306.80500000000006,42.15074999999999
-353.201905,306.80500000000006,41.67154999999998
-353.201905,306.80500000000006,41.19234999999999
-353.201905,306.80500000000006,40.713149999999985
-353.201905,306.80500000000006,40.23394999999998
-353.201905,306.80500000000006,39.75474999999999
-353.201905,306.80500000000006,39.27554999999998
-353.201905,306.80500000000006,38.79634999999999
-353.201905,306.80500000000006,38.317149999999984
-353.201905,306.80500000000006,37.83794999999998
-353.201905,306.80500000000006,37.358749999999986
-353.201905,306.80500000000006,36.87954999999998
-353.201905,306.80500000000006,36.40034999999999
-353.201905,306.80500000000006,35.92114999999998
-353.201905,306.80500000000006,35.44194999999998
-353.201905,306.80500000000006,34.962749999999986
-353.201905,306.80500000000006,34.48354999999998
-353.201905,306.80500000000006,34.00434999999999
-353.201905,306.80500000000006,33.52514999999998
-353.201905,306.80500000000006,33.04594999999999
-353.201905,306.80500000000006,32.566749999999985
-353.201905,306.80500000000006,32.08754999999998
-353.201905,306.80500000000006,31.608349999999987
-353.201905,306.80500000000006,31.12914999999998
-353.201905,306.80500000000006,30.64994999999999
-353.201905,306.80500000000006,30.170749999999984
-353.201905,306.80500000000006,29.691549999999978
-353.201905,306.80500000000006,29.212349999999986
-353.201905,306.80500000000006,28.73314999999998
-353.201905,306.80500000000006,28.25394999999999
-353.201905,306.80500000000006,27.774749999999983
-353.201905,306.80500000000006,27.295549999999977
-353.201905,306.80500000000006,26.816349999999986
-353.201905,306.80500000000006,26.33714999999998
-353.201905,306.80500000000006,25.857949999999988
-353.201905,306.80500000000006,25.378749999999982
-353.201905,306.80500000000006,24.89954999999999
-353.201905,306.80500000000006,24.420349999999985
-353.201905,306.80500000000006,23.94114999999998
-353.201905,306.80500000000006,23.461949999999987
-353.201905,306.80500000000006,22.98274999999998
-353.201905,306.80500000000006,22.50354999999999
-353.201905,306.80500000000006,22.024349999999984
-353.201905,306.80500000000006,21.54514999999998
-353.201905,306.80500000000006,21.065949999999987
-353.201905,306.80500000000006,20.58674999999998
-353.201905,306.80500000000006,20.10754999999999
-353.201905,306.80500000000006,19.628349999999983
-353.201905,306.80500000000006,19.149149999999977
-353.201905,306.80500000000006,18.669949999999986
-353.201905,306.80500000000006,18.19074999999998
-353.201905,306.80500000000006,17.71154999999999
-353.201905,306.80500000000006,17.232349999999983
-353.201905,306.80500000000006,16.75314999999999
-353.201905,306.80500000000006,16.273949999999985
-353.201905,306.80500000000006,15.79474999999998
-353.201905,306.80500000000006,15.315549999999988
-353.201905,306.80500000000006,14.836349999999982
-353.201905,306.80500000000006,14.35714999999999
-353.201905,306.80500000000006,13.877949999999984
-353.201905,306.80500000000006,13.398749999999978
-353.201905,306.80500000000006,12.919549999999987
-353.201905,306.80500000000006,12.440349999999981
-353.201905,306.80500000000006,11.96114999999999
-353.201905,306.80500000000006,11.481949999999983
-353.201905,306.80500000000006,11.002749999999978
-353.201905,306.80500000000006,10.523549999999986
-353.201905,306.80500000000006,10.04434999999998
-353.201905,306.80500000000006,9.565149999999988
-353.201905,306.80500000000006,9.085949999999983
-353.201905,306.80500000000006,8.606749999999991
-353.201905,306.80500000000006,8.127549999999985
-353.201905,306.80500000000006,7.648349999999979
-353.201905,306.80500000000006,7.169149999999988
-353.201905,306.80500000000006,6.689949999999982
-353.201905,306.80500000000006,6.21074999999999
-353.201905,306.80500000000006,5.731549999999984
-353.201905,306.80500000000006,5.2523499999999785
-353.201905,306.80500000000006,4.773149999999987
-353.201905,306.80500000000006,4.293949999999981
-353.201905,306.80500000000006,3.8147499999999894
-353.201905,306.80500000000006,3.3355499999999836
-353.201905,306.80500000000006,2.8563499999999777
-353.201905,306.80500000000006,2.377149999999986
-353.201905,306.80500000000006,1.8979499999999803
-353.201905,306.80500000000006,1.4187499999999886
-353.201905,306.80500000000006,0.9395499999999828
-353.201905,306.80500000000006,0.46034999999999116
353.00190499999997,306.80500000000006,0.47535000000000593
353.00190499999997,306.80500000000006,0.9545500000000118
353.00190499999997,306.80500000000006,1.4337500000000176
353.00190499999997,306.80500000000006,1.9129500000000093
353.00190499999997,306.80500000000006,2.392150000000015
353.00190499999997,306.80500000000006,2.8713500000000067
353.00190499999997,306.80500000000006,3.3505500000000126
353.00190499999997,306.80500000000006,3.8297500000000184
353.00190499999997,306.80500000000006,4.30895000000001
353.00190499999997,306.80500000000006,4.788150000000016
353.00190499999997,306.80500000000006,5.2673500000000075
353.00190499999997,306.80500000000006,5.746550000000013
353.00190499999997,306.80500000000006,6.225750000000019
353.00190499999997,306.80500000000006,6.704950000000011
353.00190499999997,306.80500000000006,7.184150000000017
353.00190499999997,306.80500000000006,7.663350000000008
353.00190499999997,306.80500000000006,8.142550000000014
353.00190499999997,306.80500000000006,8.621750000000006
353.00190499999997,306.80500000000006,9.100950000000012
353.00190499999997,306.80500000000006,9.580150000000017
353.00190499999997,306.80500000000006,10.05935000000001
353.00190499999997,306.80500000000006,10.538550000000015
353.00190499999997,306.80500000000006,11.017750000000007
353.00190499999997,306.80500000000006,11.496950000000012
353.00190499999997,306.80500000000006,11.976150000000018
353.00190499999997,306.80500000000006,12.45535000000001
353.00190499999997,306.80500000000006,12.934550000000016
353.00190499999997,306.80500000000006,13.413750000000007
353.00190499999997,306.80500000000006,13.892950000000013
353.00190499999997,306.80500000000006,14.372150000000019
353.00190499999997,306.80500000000006,14.85135000000001
353.00190499999997,306.80500000000006,15.330550000000017
353.00190499999997,306.80500000000006,15.809750000000008
353.00190499999997,306.80500000000006,16.288950000000014
353.00190499999997,306.80500000000006,16.768150000000006
353.00190499999997,306.80500000000006,17.24735000000001
353.00190499999997,306.80500000000006,17.726550000000017
353.00190499999997,306.80500000000006,18.20575000000001
353.00190499999997,306.80500000000006,18.684950000000015
353.00190499999997,306.80500000000006,19.164150000000006
353.00190499999997,306.80500000000006,19.643350000000012
353.00190499999997,306.80500000000006,20.122550000000018
353.00190499999997,306.80500000000006,20.60175000000001
353.00190499999997,306.80500000000006,21.080950000000016
353.00190499999997,306.80500000000006,21.560150000000007
353.00190499999997,306.80500000000006,22.039350000000013
353.00190499999997,306.80500000000006,22.51855000000002
353.00190499999997,306.80500000000006,22.99775000000001
353.00190499999997,306.80500000000006,23.476950000000016
353.00190499999997,306.80500000000006,23.956150000000008
353.00190499999997,306.80500000000006,24.435350000000014
353.00190499999997,306.80500000000006,24.914550000000006
353.00190499999997,306.80500000000006,25.39375000000001
353.00190499999997,306.80500000000006,25.872950000000017
353.00190499999997,306.80500000000006,26.35215000000001
353.00190499999997,306.80500000000006,26.831350000000015
353.00190499999997,306.80500000000006,27.310550000000006
353.00190499999997,306.80500000000006,27.789750000000012
353.00190499999997,306.80500000000006,28.268950000000018
353.00190499999997,306.80500000000006,28.74815000000001
353.00190499999997,306.80500000000006,29.227350000000015
353.00190499999997,306.80500000000006,29.706550000000007
353.00190499999997,306.80500000000006,30.185750000000013
353.00190499999997,306.80500000000006,30.66495000000002
353.00190499999997,306.80500000000006,31.14415000000001
353.00190499999997,306.80500000000006,31.623350000000016
353.00190499999997,306.80500000000006,32.10255000000001
353.00190499999997,306.80500000000006,32.581750000000014
353.00190499999997,306.80500000000006,33.06095000000002
353.00190499999997,306.80500000000006,33.54015000000001
353.00190499999997,306.80500000000006,34.01935000000002
353.00190499999997,306.80500000000006,34.49855000000001
353.00190499999997,306.80500000000006,34.977750000000015
353.00190499999997,306.80500000000006,35.456950000000006
353.00190499999997,306.80500000000006,35.93615000000001
353.00190499999997,306.80500000000006,36.41535000000002
353.00190499999997,306.80500000000006,36.89455000000001
353.00190499999997,306.80500000000006,37.373750000000015
353.00190499999997,306.80500000000006,37.85295000000001
353.00190499999997,306.80500000000006,38.33215000000001
353.00190499999997,306.80500000000006,38.81135000000002
353.00190499999997,306.80500000000006,39.29055000000001
353.00190499999997,306.80500000000006,39.769750000000016
353.00190499999997,306.80500000000006,40.24895000000001
353.00190499999997,306.80500000000006,40.728150000000014
353.00190499999997,306.80500000000006,41.20735000000002
353.00190499999997,306.80500000000006,41.68655000000001
353.00190499999997,306.80500000000006,42.16575000000002
353.00190499999997,306.80500000000006,42.64495000000001
353.00190499999997,306.80500000000006,43.124150000000014
353.00190499999997,306.80500000000006,43.603350000000006
353.00190499999997,306.80500000000006,44.08255000000001
353.00190499999997,306.80500000000006,44.56175000000002
353.00190499999997,306.80500000000006,45.04095000000001
353.00190499999997,306.80500000000006,45.520150000000015
353.00190499999997,306.80500000000006,45.99935000000001
353.00190499999997,306.80500000000006,46.47855000000001
353.00190499999997,306.80500000000006,46.95775000000002
353.00190499999997,306.80500000000006,47.43695000000001
353.00190499999997,306.80500000000006,47.916150000000016
353.00190499999997,306.80500000000006,48.39535000000001
353.00190499999997,306.80500000000006,48.87455000000001
353.00190499999997,306.80500000000006,49.35375000000002
353.00190499999997,306.80500000000006,49.83295000000001
353.00190499999997,306.80500000000006,50.31215000000002
353.00190499999997,306.80500000000006,50.79135000000001
353.00190499999997,306.80500000000006,51.270550000000014
353.00190499999997,306.80500000000006,51.74975000000001
353.00190499999997,306.80500000000006,52.22895000000001
353.00190499999997,306.80500000000006,52.70815000000001
353.00190499999997,306.80500000000006,53.18735000000001
353.00190499999997,306.80500000000006,53.666550000000015
353.00190499999997,306.80500000000006,54.145750000000014
353.00190499999997,306.80500000000006,54.62495000000001
353.00190499999997,306.80500000000006,55.10415000000001
353.00190499999997,306.80500000000006,55.58335000000001
353.00190499999997,306.80500000000006,56.062550000000016
353.00190499999997,306.80500000000006,56.541750000000015
353.00190499999997,306.80500000000006,57.02095000000001
353.00190499999997,306.80500000000006,57.50015000000001
353.00190499999997,306.80500000000006,57.97935000000001
353.00190499999997,306.80500000000006,58.45855000000001
353.00190499999997,306.80500000000006,58.937750000000015
353.00190499999997,306.80500000000006,59.416950000000014
353.00190499999997,306.80500000000006,59.89615000000001
353.00190499999997,306.80500000000006,60.37535000000001
353.00190499999997,306.80500000000006,60.85455000000001
353.00190499999997,306.80500000000006,61.33375000000001
353.00190499999997,306.80500000000006,61.812950000000015
353.00190499999997,306.80500000000006,62.292150000000014
353.00190499999997,306.80500000000006,62.77135000000001
353.00190499999997,306.80500000000006,63.25055000000001
353.00190499999997,306.80500000000006,63.72975000000001
353.00190499999997,306.80500000000006,64.20895000000002
353.00190499999997,306.80500000000006,64.68815000000001
353.00190499999997,306.80500000000006,65.16735000000001
353.00190499999997,306.80500000000006,65.64655000000002
353.00190499999997,306.80500000000006,66.12575000000001
353.00190499999997,306.80500000000006,66.60495
353.00190499999997,306.80500000000006,67.08415000000002
353.00190499999997,306.80500000000006,67.56335000000001
353.00190499999997,306.80500000000006,68.04255
353.00190499999997,306.80500000000006,68.52175000000001
353.00190499999997,306.80500000000006,69.00095000000002
353.00190499999997,306.80500000000006,69.48015000000001
353.00190499999997,306.80500000000006,69.95935000000001
353.00190499999997,306.80500000000006,70.43855000000002
353.00190499999997,306.80500000000006,70.91775000000001
353.00190499999997,306.80500000000006,71.39695
353.00190499999997,306.80500000000006,71.87615000000001
353.00190499999997,306.80500000000006,72.35535000000002
353.00190499999997,306.80500000000006,72.83455000000001
353.00190499999997,306.80500000000006,73.31375000000001
353.00190499999997,306.80500000000006,73.79295000000002
353.00190499999997,306.80500000000006,74.27215000000001
353.00190499999997,306.80500000000006,74.75135
353.00190499999997,306.80500000000006,75.23055000000002
353.00190499999997,306.80500000000006,75.70975000000001
353.00190499999997,306.80500000000006,76.18895
353.00190499999997,306.80500000000006,76.66815000000001
353.00190499999997,306.80500000000006,77.14735000000002
353.00190499999997,306.80500000000006,77.62655000000001
353.00190499999997,306.80500000000006,78.10575000000001
353.00190499999997,306.80500000000006,78.58495000000002
353.00190499999997,306.80500000000006,79.06415000000001
353.00190499999997,306.80500000000006,79.54335
353.00190499999997,306.80500000000006,80.02255000000001
353.00190499999997,306.80500000000006,80.50175000000002
353.00190499999997,306.80500000000006,80.98095
353.00190499999997,306.80500000000006,81.46015000000001
353.00190499999997,306.80500000000006,81.93935000000002
353.00190499999997,306.80500000000006,82.41855000000001
353.00190499999997,306.80500000000006,82.89775
353.00190499999997,306.80500000000006,83.37695000000001
353.00190499999997,306.80500000000006,83.85615000000001
353.00190499999997,306.80500000000006,84.33535
353.00190499999997,306.80500000000006,84.81455000000001
353.00190499999997,306.80500000000006,85.29375000000002
353.00190499999997,306.80500000000006,85.77295000000001
353.00190499999997,306.80500000000006,86.25215000000001
353.00190499999997,306.80500000000006,86.73135000000002
353.00190499999997,306.80500000000006,87.21055000000001
353.00190499999997,306.80500000000006,87.68975
353.00190499999997,306.80500000000006,88.16895000000001
353.00190499999997,306.80500000000006,88.64815000000002
353.00190499999997,306.80500000000006,89.12735
353.00190499999997,306.80500000000006,89.60655000000001
353.00190499999997,306.80500000000006,90.08575000000002
353.00190499999997,306.80500000000006,90.56495000000001
353.00190499999997,306.80500000000006,91.04415000000002
353.00190499999997,306.80500000000006,91.52335000000001
353.00190499999997,306.80500000000006,92.00255000000001
353.00190499999997,306.80500000000006,92.48175
353.00190499999997,306.80500000000006,92.96095000000001
353.00190499999997,306.80500000000006,93.44015000000002
353.00190499999997,306.80500000000006,93.91935000000001
353.00190499999997,306.80500000000006,94.39855000000001
353.00190499999997,306.80500000000006,94.87775000000002
353.00190499999997,306.80500000000006,95.35695000000001
353.00190499999997,306.80500000000006,95.83615000000002
353.00190499999997,306.80500000000006,96.31535000000001
353.00190499999997,306.80500000000006,96.79455000000002
353.00190499999997,306.80500000000006,97.27375
353.00190499999997,306.80500000000006,97.75295000000001
353.00190499999997,306.80500000000006,98.23215000000002
353.00190499999997,306.80500000000006,98.71135000000001
353.00190499999997,306.80500000000006,99.19055000000002
353.00190499999997,306.80500000000006,99.66975000000001
353.00190499999997,306.80500000000006,100.14895000000001
353.00190499999997,306.80500000000006,100.62815
353.00190499999997,306.80500000000006,101.10735000000001
353.00190499999997,306.80500000000006,101.58655000000002
353.00190499999997,306.80500000000006,102.06575000000001
353.00190499999997,306.80500000000006,102.54495000000001
353.00190499999997,306.80500000000006,103.02415000000002
353.00190499999997,306.80500000000006,103.50335000000001
353.00190499999997,306.80500000000006,103.98255000000002
353.00190499999997,306.80500000000006,104.46175000000001
353.00190499999997,306.80500000000006,104.94095000000002
353.00190499999997,306.80500000000006,105.42015
353.00190499999997,306.80500000000006,105.89935000000003
353.00190499999997,306.80500000000006,106.37855000000002
353.00190499999997,306.80500000000006,106.85775000000001
353.00190499999997,306.80500000000006,107.33695000000002
353.00190499999997,306.80500000000006,107.81615000000001
353.00190499999997,306.80500000000006,108.29535000000003
353.00190499999997,306.80500000000006,108.77455
353.00190499999997,306.80500000000006,109.25375000000003
353.00190499999997,306.80500000000006,109.73295000000002
353.00190499999997,306.80500000000006,110.21215000000001
353.00190499999997,306.80500000000006,110.69135000000003
353.00190499999997,306.80500000000006,111.17055000000002
353.00190499999997,306.80500000000006,111.64975000000003
353.00190499999997,306.80500000000006,112.12895000000002
353.00190499999997,306.80500000000006,112.60815000000001
353.00190499999997,306.80500000000006,113.08735000000003
353.00190499999997,306.80500000000006,113.56655
353.00190499999997,306.80500000000006,114.04575000000003
353.00190499999997,306.80500000000006,114.52495
353.00190499999997,306.80500000000006,115.00415000000001
353.00190499999997,306.80500000000006,115.48335000000002
353.00190499999997,306.80500000000006,115.96255000000002
353.00190499999997,306.80500000000006,116.44175000000003
353.00190499999997,306.80500000000006,116.92095000000002
353.00190499999997,306.80500000000006,117.40015000000001
353.00190499999997,306.80500000000006,117.87935000000002
353.00190499999997,306.80500000000006,118.35855000000001
353.00190499999997,306.80500000000006,118.83775000000003
353.00190499999997,306.80500000000006,119.31695000000002
353.00190499999997,306.80500000000006,119.79615000000003
353.00190499999997,306.80500000000006,120.27535000000002
353.00190499999997,306.80500000000006,120.75455000000001
353.00190499999997,306.80500000000006,121.23375000000003
353.00190499999997,306.80500000000006,121.71295
353.00190499999997,306.80500000000006,122.19215000000003
353.00190499999997,306.80500000000006,122.67135000000002
353.00190499999997,306.80500000000006,123.15055000000001
353.00190499999997,306.80500000000006,123.62975000000003
353.00190499999997,306.80500000000006,124.10895000000001
353.00190499999997,306.80500000000006,124.58815000000003
353.00190499999997,306.80500000000006,125.06735
353.00190499999997,306.80500000000006,125.54655000000001
353.00190499999997,306.80500000000006,126.02575000000002
353.00190499999997,306.80500000000006,126.50495000000001
353.00190499999997,306.80500000000006,126.98415000000001
353.00190499999997,306.80500000000006,127.46335000000002
353.00190499999997,306.80500000000006,127.94255000000001
353.00190499999997,306.80500000000006,128.42175
353.00190499999997,306.80500000000006,128.90095000000002
353.00190499999997,306.80500000000006,129.38015000000001
353.00190499999997,306.80500000000006,129.85935
353.00190499999997,306.80500000000006,130.33855
353.00190499999997,306.80500000000006,130.81775000000002
353.00190499999997,306.80500000000006,131.29695
353.00190499999997,306.80500000000006,131.77615
353.00190499999997,306.80500000000006,132.25535000000002
353.00190499999997,306.80500000000006,132.73455
353.00190499999997,306.80500000000006,133.21375
353.00190499999997,306.80500000000006,133.69295000000002
353.00190499999997,306.80500000000006,134.17215000000002
353.00190499999997,306.80500000000006,134.65135
353.00190499999997,306.80500000000006,135.13055000000003
353.00190499999997,306.80500000000006,135.60975000000002
353.00190499999997,306.80500000000006,136.08895
353.00190499999997,306.80500000000006,136.56815
353.00190499999997,306.80500000000006,137.04735000000002
353.00190499999997,306.80500000000006,137.52655000000001
353.00190499999997,306.80500000000006,138.00575
353.00190499999997,306.80500000000006,138.48495000000003
353.00190499999997,306.80500000000006,138.96415000000002
353.00190499999997,306.80500000000006,139.44335
353.00190499999997,306.80500000000006,139.92255
353.00190499999997,306.80500000000006,140.40175000000002
353.00190499999997,306.80500000000006,140.88095
353.00190499999997,306.80500000000006,141.36015
353.00190499999997,306.80500000000006,141.83935000000002
353.00190499999997,306.80500000000006,142.31855000000002
353.00190499999997,306.80500000000006,142.79775
353.00190499999997,306.80500000000006,143.27695
353.00190499999997,306.80500000000006,143.75615000000002
353.00190499999997,306.80500000000006,144.23535
353.00190499999997,306.80500000000006,144.71455
353.00190499999997,306.80500000000006,145.19375000000002
353.00190499999997,306.80500000000006,145.67295000000001
353.00190499999997,306.80500000000006,146.15215
353.00190499999997,306.80500000000006,146.63135
353.00190499999997,306.80500000000006,147.11055000000002
353.00190499999997,306.80500000000006,147.58975
353.00190499999997,306.80500000000006,148.06895000000003
353.00190499999997,306.80500000000006,148.54815000000002
353.00190499999997,306.80500000000006,149.02735
353.00190499999997,306.80500000000006,149.50655
353.00190499999997,306.80500000000006,149.98575
353.00190499999997,306.80500000000006,150.46495000000002
353.00190499999997,306.80500000000006,150.94415
353.00190499999997,306.80500000000006,151.42335000000003
353.00190499999997,306.80500000000006,151.90255000000002
353.00190499999997,306.80500000000006,152.38175
353.00190499999997,306.80500000000006,152.86095
353.00190499999997,306.80500000000006,153.34015000000002
353.00190499999997,306.80500000000006,153.81935000000001
353.00190499999997,306.80500000000006,154.29855
353.00190499999997,306.80500000000006,154.77775000000003
353.00190499999997,306.80500000000006,155.25695000000002
353.00190499999997,306.80500000000006,155.73615
353.00190499999997,306.80500000000006,156.21535
353.00190499999997,306.80500000000006,156.69455000000002
353.00190499999997,306.80500000000006,157.17375
353.00190499999997,306.80500000000006,157.65295
353.00190499999997,306.80500000000006,158.13215000000002
353.00190499999997,306.80500000000006,158.61135000000002
353.00190499999997,306.80500000000006,159.09055
353.00190499999997,306.80500000000006,159.56975
353.00190499999997,306.80500000000006,160.04895000000002
353.00190499999997,306.80500000000006,160.52815
353.00190499999997,306.80500000000006,161.00735
353.00190499999997,306.80500000000006,161.48655000000002
353.00190499999997,306.80500000000006,161.96575
353.00190499999997,306.80500000000006,162.44495
353.00190499999997,306.80500000000006,162.92415
353.00190499999997,306.80500000000006,163.40335000000002
353.00190499999997,306.80500000000006,163.88255
353.00190499999997,306.80500000000006,164.36175000000003
353.00190499999997,306.80500000000006,164.84095000000002
353.00190499999997,306.80500000000006,165.32015
353.00190499999997,306.80500000000006,165.79935
353.00190499999997,306.80500000000006,166.27855
353.00190499999997,306.80500000000006,166.75775000000002
353.00190499999997,306.80500000000006,167.23695
353.00190499999997,306.80500000000006,167.71615000000003
353.00190499999997,306.80500000000006,168.19535000000002
353.00190499999997,306.80500000000006,168.67455
353.00190499999997,306.80500000000006,169.15375
353.00190499999997,306.80500000000006,169.63295000000002
353.00190499999997,306.80500000000006,170.11215
353.00190499999997,306.80500000000006,170.59135
353.00190499999997,306.80500000000006,171.07055000000003
353.00190499999997,306.80500000000006,171.54975000000002
353.00190499999997,306.80500000000006,172.02895
353.00190499999997,306.80500000000006,172.50815
353.00190499999997,306.80500000000006,172.98735000000002
353.00190499999997,306.80500000000006,173.46655
353.00190499999997,306.80500000000006,173.94575
353.00190499999997,306.80500000000006,174.42495000000002
353.00190499999997,306.80500000000006,174.90415000000002
353.00190499999997,306.80500000000006,175.38335
353.00190499999997,306.80500000000006,175.86255
353.00190499999997,306.80500000000006,176.34175000000002
353.00190499999997,306.80500000000006,176.82095
353.00190499999997,306.80500000000006,177.30015
353.00190499999997,306.80500000000006,177.77935000000002
353.00190499999997,306.80500000000006,178.25855
353.00190499999997,306.80500000000006,178.73775
353.00190499999997,306.80500000000006,179.21695
353.00190499999997,306.80500000000006,179.69615000000002
353.00190499999997,306.80500000000006,180.17535
353.00190499999997,306.80500000000006,180.65455000000003
353.00190499999997,306.80500000000006,181.13375000000002
353.00190499999997,306.80500000000006,181.61295
353.00190499999997,306.80500000000006,182.09215
353.00190499999997,306.80500000000006,182.57135
353.00190499999997,306.80500000000006,183.05055000000002
353.00190499999997,306.80500000000006,183.52975
353.00190499999997,306.80500000000006,184.00895000000003
353.00190499999997,306.80500000000006,184.48815000000002
353.00190499999997,306.80500000000006,184.96735
353.00190499999997,306.80500000000006,185.44655
353.00190499999997,306.80500000000006,185.92575
353.00190499999997,306.80500000000006,186.40495
353.00190499999997,306.80500000000006,186.88415000000003
353.00190499999997,306.80500000000006,187.36335000000003
353.00190499999997,306.80500000000006,187.84255000000002
353.00190499999997,306.80500000000006,188.32175
353.00190499999997,306.80500000000006,188.80095
353.00190499999997,306.80500000000006,189.28015
353.00190499999997,306.80500000000006,189.75935
353.00190499999997,306.80500000000006,190.23855000000003
353.00190499999997,306.80500000000006,190.71775000000002
353.00190499999997,306.80500000000006,191.19695000000002
353.00190499999997,306.80500000000006,191.67615
353.00190499999997,306.80500000000006,192.15535
353.00190499999997,306.80500000000006,192.63455000000002
353.00190499999997,306.80500000000006,193.11375
353.00190499999997,306.80500000000006,193.59295000000003
353.00190499999997,306.80500000000006,194.07215000000002
353.00190499999997,306.80500000000006,194.55135
353.00190499999997,306.80500000000006,195.03055
353.00190499999997,306.80500000000006,195.50975
353.00190499999997,306.80500000000006,195.98895000000002
353.00190499999997,306.80500000000006,196.46815
353.00190499999997,306.80500000000006,196.94735000000003
353.00190499999997,306.80500000000006,197.42655000000002
353.00190499999997,306.80500000000006,197.90575
353.00190499999997,306.80500000000006,198.38495
353.00190499999997,306.80500000000006,198.86415
353.00190499999997,306.80500000000006,199.34335000000002
353.00190499999997,306.80500000000006,199.82255
353.00190499999997,306.80500000000006,200.30175000000003
353.00190499999997,306.80500000000006,200.78095000000002
353.00190499999997,306.80500000000006,201.26015
353.00190499999997,306.80500000000006,201.73935
353.00190499999997,306.80500000000006,202.21855
353.00190499999997,306.80500000000006,202.69775
353.00190499999997,306.80500000000006,203.17695000000003
353.00190499999997,306.80500000000006,203.65615000000003
353.00190499999997,306.80500000000006,204.13535000000002
353.00190499999997,306.80500000000006,204.61455
353.00190499999997,306.80500000000006,205.09375
353.00190499999997,306.80500000000006,205.57295
353.00190499999997,306.80500000000006,206.05215
353.00190499999997,306.80500000000006,206.53135000000003
353.00190499999997,306.80500000000006,207.01055000000002
353.00190499999997,306.80500000000006,207.48975000000002
353.00190499999997,306.80500000000006,207.96895
353.00190499999997,306.80500000000006,208.44815
353.00190499999997,306.80500000000006,208.92735000000002
353.00190499999997,306.80500000000006,209.40655
353.00190499999997,306.80500000000006,209.88575000000003
353.00190499999997,306.80500000000006,210.36495000000002
353.00190499999997,306.80500000000006,210.84415
353.00190499999997,306.80500000000006,211.32335
353.00190499999997,306.80500000000006,211.80255
353.00190499999997,306.80500000000006,212.28175000000002
353.00190499999997,306.80500000000006,212.76095
353.00190499999997,306.80500000000006,213.24015000000003
353.00190499999997,306.80500000000006,213.71935000000002
353.00190499999997,306.80500000000006,214.19855
353.00190499999997,306.80500000000006,214.67775
353.00190499999997,306.80500000000006,215.15695
353.00190499999997,306.80500000000006,215.63615000000001
353.00190499999997,306.80500000000006,216.11535
353.00190499999997,306.80500000000006,216.59455000000003
353.00190499999997,306.80500000000006,217.07375000000002
353.00190499999997,306.80500000000006,217.55295
353.00190499999997,306.80500000000006,218.03215
353.00190499999997,306.80500000000006,218.51135
353.00190499999997,306.80500000000006,218.99055
353.00190499999997,306.80500000000006,219.46975000000003
353.00190499999997,306.80500000000006,219.94895000000002
353.00190499999997,306.80500000000006,220.42815000000002
353.00190499999997,306.80500000000006,220.90735
353.00190499999997,306.80500000000006,221.38655
353.00190499999997,306.80500000000006,221.86575
353.00190499999997,306.80500000000006,222.34495
353.00190499999997,306.80500000000006,222.82415000000003
353.00190499999997,306.80500000000006,223.30335000000002
353.00190499999997,306.80500000000006,223.78255000000001
353.00190499999997,306.80500000000006,224.26175
353.00190499999997,306.80500000000006,224.74095
353.00190499999997,306.80500000000006,225.22015000000002
353.00190499999997,306.80500000000006,225.69935
353.00190499999997,306.80500000000006,226.17855000000003
353.00190499999997,306.80500000000006,226.65775000000002
353.00190499999997,306.80500000000006,227.13695
353.00190499999997,306.80500000000006,227.61615
353.00190499999997,306.80500000000006,228.09535
353.00190499999997,306.80500000000006,228.57455000000002
353.00190499999997,306.80500000000006,229.05375
353.00190499999997,306.80500000000006,229.53295000000003
353.00190499999997,306.80500000000006,230.01215000000002
-353.201905,306.80500000000006,462.05715
-353.201905,306.80500000000006,461.57795
-353.201905,306.80500000000006,461.09875
-353.201905,306.80500000000006,460.61955
-353.201905,306.80500000000006,460.14035
-353.201905,306.80500000000006,459.66115
-353.201905,306.80500000000006,459.18195
-353.201905,306.80500000000006,458.70275
-353.201905,306.80500000000006,458.22355
-353.201905,306.80500000000006,457.74435
-353.201905,306.80500000000006,457.26515
-353.201905,306.80500000000006,456.78594999999996
-353.201905,306.80500000000006,456.30674999999997
-353.201905,306.80500000000006,455.82755
-353.201905,306.80500000000006,455.34835
-353.201905,306.80500000000006,454.86915
-353.201905,306.80500000000006,454.38995
-353.201905,306.80500000000006,453.91075
-353.201905,306.80500000000006,453.43155
-353.201905,306.80500000000006,452.95234999999997
-353.201905,306.80500000000006,452.47315
-353.201905,306.80500000000006,451.99395
-353.201905,306.80500000000006,451.51475
-353.201905,306.80500000000006,451.03555
-353.201905,306.80500000000006,450.55634999999995
-353.201905,306.80500000000006,450.07714999999996
-353.201905,306.80500000000006,449.59794999999997
-353.201905,306.80500000000006,449.11875
-353.201905,306.80500000000006,448.63955
-353.201905,306.80500000000006,448.16035
-353.201905,306.80500000000006,447.68115
-353.201905,306.80500000000006,447.20195
-353.201905,306.80500000000006,446.72275
-353.201905,306.80500000000006,446.24354999999997
-353.201905,306.80500000000006,445.76435
-353.201905,306.80500000000006,445.28515
-353.201905,306.80500000000006,444.80595
-353.201905,306.80500000000006,444.32675
-353.201905,306.80500000000006,443.84754999999996
-353.201905,306.80500000000006,443.36834999999996
-353.201905,306.80500000000006,442.88915
-353.201905,306.80500000000006,442.40995
-353.201905,306.80500000000006,441.93075
-353.201905,306.80500000000006,441.45155
-353.201905,306.80500000000006,440.97235
-353.201905,306.80500000000006,440.49315
-353.201905,306.80500000000006,440.01394999999997
-353.201905,306.80500000000006,439.53475
-353.201905,306.80500000000006,439.05555
-353.201905,306.80500000000006,438.57635
-353.201905,306.80500000000006,438.09715
-353.201905,306.80500000000006,437.61795
-353.201905,306.80500000000006,437.13874999999996
-353.201905,306.80500000000006,436.65954999999997
-353.201905,306.80500000000006,436.18035
-353.201905,306.80500000000006,435.70115
-353.201905,306.80500000000006,435.22195
-353.201905,306.80500000000006,434.74275
-353.201905,306.80500000000006,434.26355
-353.201905,306.80500000000006,433.78435
-353.201905,306.80500000000006,433.30514999999997
-353.201905,306.80500000000006,432.82595
-353.201905,306.80500000000006,432.34675
-353.201905,306.80500000000006,431.86755
-353.201905,306.80500000000006,431.38835
-353.201905,306.80500000000006,430.90914999999995
-353.201905,306.80500000000006,430.42994999999996
-353.201905,306.80500000000006,429.95074999999997
-353.201905,306.80500000000006,429.47155
-353.201905,306.80500000000006,428.99235
-353.201905,306.80500000000006,428.51315
-353.201905,306.80500000000006,428.03395
-353.201905,306.80500000000006,427.55475
-353.201905,306.80500000000006,427.07555
-353.201905,306.80500000000006,426.59635
-353.201905,306.80500000000006,426.11715
-353.201905,306.80500000000006,425.63795
-353.201905,306.80500000000006,425.15875
-353.201905,306.80500000000006,424.67955
-353.201905,306.80500000000006,424.20034999999996
-353.201905,306.80500000000006,423.72114999999997
-353.201905,306.80500000000006,423.24195
-353.201905,306.80500000000006,422.76275
-353.201905,306.80500000000006,422.28355
-353.201905,306.80500000000006,421.80435
-353.201905,306.80500000000006,421.32515
-353.201905,306.80500000000006,420.84595
-353.201905,306.80500000000006,420.36674999999997
-353.201905,306.80500000000006,419.88755
-353.201905,306.80500000000006,419.40835
-353.201905,306.80500000000006,418.92915
-353.201905,306.80500000000006,418.44995
-353.201905,306.80500000000006,417.97074999999995
-353.201905,306.80500000000006,417.49154999999996
-353.201905,306.80500000000006,417.01234999999997
-353.201905,306.80500000000006,416.53315
-353.201905,306.80500000000006,416.05395
-353.201905,306.80500000000006,415.57475
-353.201905,306.80500000000006,415.09555
-353.201905,306.80500000000006,414.61635
-353.201905,306.80500000000006,414.13715
-353.201905,306.80500000000006,413.65794999999997
-353.201905,306.80500000000006,413.17875
-353.201905,306.80500000000006,412.69955
-353.201905,306.80500000000006,412.22035
-353.201905,306.80500000000006,411.74115
-353.201905,306.80500000000006,411.26194999999996
-353.201905,306.80500000000006,410.78274999999996
-353.201905,306.80500000000006,410.30355
-353.201905,306.80500000000006,409.82435
-353.201905,306.80500000000006,409.34515
-353.201905,306.80500000000006,408.86595
-353.201905,306.80500000000006,408.38675
-353.201905,306.80500000000006,407.90755
-353.201905,306.80500000000006,407.42834999999997
-353.201905,306.80500000000006,406.94915
-353.201905,306.80500000000006,406.46995
-353.201905,306.80500000000006,405.99075
-353.201905,306.80500000000006,405.51155
-353.201905,306.80500000000006,405.03235
-353.201905,306.80500000000006,404.55314999999996
-353.201905,306.80500000000006,404.07394999999997
-353.201905,306.80500000000006,403.59475
-353.201905,306.80500000000006,403.11555
-353.201905,306.80500000000006,402.63635
-353.201905,306.80500000000006,402.15715
-353.201905,306.80500000000006,401.67795
-353.201905,306.80500000000006,401.19875
-353.201905,306.80500000000006,400.71954999999997
-353.201905,306.80500000000006,400.24035
-353.201905,306.80500000000006,399.76115
-353.201905,306.80500000000006,399.28195
-353.201905,306.80500000000006,398.80275
-353.201905,306.80500000000006,398.32354999999995
-353.201905,306.80500000000006,397.84434999999996
-353.201905,306.80500000000006,397.36514999999997
-353.201905,306.80500000000006,396.88595
-353.201905,306.80500000000006,396.40675
-353.201905,306.80500000000006,395.92755
-353.201905,306.80500000000006,395.44835
-353.201905,306.80500000000006,394.96915
-353.201905,306.80500000000006,394.48994999999996
-353.201905,306.80500000000006,394.01075
-353.201905,306.80500000000006,393.53155
-353.201905,306.80500000000006,393.05235
-353.201905,306.80500000000006,392.57315
-353.201905,306.80500000000006,392.09395
-353.201905,306.80500000000006,391.61474999999996
-353.201905,306.80500000000006,391.13554999999997
-353.201905,306.80500000000006,390.65635
-353.201905,306.80500000000006,390.17715
-353.201905,306.80500000000006,389.69795
-353.201905,306.80500000000006,389.21875
-353.201905,306.80500000000006,388.73955
-353.201905,306.80500000000006,388.26035
-353.201905,306.80500000000006,387.78114999999997
-353.201905,306.80500000000006,387.30195
-353.201905,306.80500000000006,386.82275
-353.201905,306.80500000000006,386.34355
-353.201905,306.80500000000006,385.86435
-353.201905,306.80500000000006,385.38515
-353.201905,306.80500000000006,384.90594999999996
-353.201905,306.80500000000006,384.42674999999997
-353.201905,306.80500000000006,383.94755
-353.201905,306.80500000000006,383.46835
-353.201905,306.80500000000006,382.98915
-353.201905,306.80500000000006,382.50995
-353.201905,306.80500000000006,382.03075
-353.201905,306.80500000000006,381.55154999999996
-353.201905,306.80500000000006,381.07235
-353.201905,306.80500000000006,380.59315
-353.201905,306.80500000000006,380.11395
-353.201905,306.80500000000006,379.63475
-353.201905,306.80500000000006,379.15555
-353.201905,306.80500000000006,378.67634999999996
-353.201905,306.80500000000006,378.19714999999997
-353.201905,306.80500000000006,377.71795
-353.201905,306.80500000000006,377.23875
-353.201905,306.80500000000006,376.75955
-353.201905,306.80500000000006,376.28035
-353.201905,306.80500000000006,375.80115
-353.201905,306.80500000000006,375.32195
-353.201905,306.80500000000006,374.84274999999997
-353.201905,306.80500000000006,374.36355
-353.201905,306.80500000000006,373.88435
-353.201905,306.80500000000006,373.40515
-353.201905,306.80500000000006,372.92595
-353.201905,306.80500000000006,372.44675
-353.201905,306.80500000000006,371.96754999999996
-353.201905,306.80500000000006,371.48834999999997
-353.201905,306.80500000000006,371.00915
-353.201905,306.80500000000006,370.52995
-353.201905,306.80500000000006,370.05075
-353.201905,306.80500000000006,369.57155
-353.201905,306.80500000000006,369.09235
-353.201905,306.80500000000006,368.61314999999996
-353.201905,306.80500000000006,368.13394999999997
-353.201905,306.80500000000006,367.65475
-353.201905,306.80500000000006,367.17555
-353.201905,306.80500000000006,366.69635
-353.201905,306.80500000000006,366.21715
-353.201905,306.80500000000006,365.73795
-353.201905,306.80500000000006,365.25874999999996
-353.201905,306.80500000000006,364.77955
-353.201905,306.80500000000006,364.30035
-353.201905,306.80500000000006,363.82115
-353.201905,306.80500000000006,363.34195
-353.201905,306.80500000000006,362.86275
-353.201905,306.80500000000006,362.38355
-353.201905,306.80500000000006,361.90434999999997
-353.201905,306.80500000000006,361.42515
-353.201905,306.80500000000006,360.94595
-353.201905,306.80500000000006,360.46675
-353.201905,306.80500000000006,359.98755
-353.201905,306.80500000000006,359.50835
-353.201905,306.80500000000006,359.02914999999996
-353.201905,306.80500000000006,358.54994999999997
-353.201905,306.80500000000006,358.07075
-353.201905,306.80500000000006,357.59155
-353.201905,306.80500000000006,357.11235
-353.201905,306.80500000000006,356.63315
-353.201905,306.80500000000006,356.15395
-353.201905,306.80500000000006,355.67474999999996
-353.201905,306.80500000000006,355.19554999999997
-353.201905,306.80500000000006,354.71635
-353.201905,306.80500000000006,354.23715
-353.201905,306.80500000000006,353.75795
-353.201905,306.80500000000006,353.27875
-353.201905,306.80500000000006,352.79955
-353.201905,306.80500000000006,352.32034999999996
-353.201905,306.80500000000006,351.84114999999997
-353.201905,306.80500000000006,351.36195
-353.201905,306.80500000000006,350.88275
-353.201905,306.80500000000006,350.40355
-353.201905,306.80500000000006,349.92435
-353.201905,306.80500000000006,349.44514999999996
-353.201905,306.80500000000006,348.96594999999996
-353.201905,306.80500000000006,348.48675
-353.201905,306.80500000000006,348.00755
-353.201905,306.80500000000006,347.52835
-353.201905,306.80500000000006,347.04915
-353.201905,306.80500000000006,346.56995
-353.201905,306.80500000000006,346.09074999999996
-353.201905,306.80500000000006,345.61154999999997
-353.201905,306.80500000000006,345.13235
-353.201905,306.80500000000006,344.65315
-353.201905,306.80500000000006,344.17395
-353.201905,306.80500000000006,343.69475
-353.201905,306.80500000000006,343.21555
-353.201905,306.80500000000006,342.73634999999996
-353.201905,306.80500000000006,342.25714999999997
-353.201905,306.80500000000006,341.77795
-353.201905,306.80500000000006,341.29875
-353.201905,306.80500000000006,340.81955
-353.201905,306.80500000000006,340.34035
-353.201905,306.80500000000006,339.86115
-353.201905,306.80500000000006,339.38194999999996
-353.201905,306.80500000000006,338.90274999999997
-353.201905,306.80500000000006,338.42355
-353.201905,306.80500000000006,337.94435
-353.201905,306.80500000000006,337.46515
-353.201905,306.80500000000006,336.98595
-353.201905,306.80500000000006,336.50675
-353.201905,306.80500000000006,336.02754999999996
-353.201905,306.80500000000006,335.54834999999997
-353.201905,306.80500000000006,335.06915
-353.201905,306.80500000000006,334.58995
-353.201905,306.80500000000006,334.11075
-353.201905,306.80500000000006,333.63155
-353.201905,306.80500000000006,333.15235
-353.201905,306.80500000000006,332.67314999999996
-353.201905,306.80500000000006,332.19395
-353.201905,306.80500000000006,331.71475
-353.201905,306.80500000000006,331.23555
-353.201905,306.80500000000006,330.75635
-353.201905,306.80500000000006,330.27715
-353.201905,306.80500000000006,329.79795
-353.201905,306.80500000000006,329.31874999999997
-353.201905,306.80500000000006,328.83955
-353.201905,306.80500000000006,328.36035
-353.201905,306.80500000000006,327.88115
-353.201905,306.80500000000006,327.40195
-353.201905,306.80500000000006,326.92275
-353.201905,306.80500000000006,326.44354999999996
-353.201905,306.80500000000006,325.96434999999997
-353.201905,306.80500000000006,325.48515
-353.201905,306.80500000000006,325.00595
-353.201905,306.80500000000006,324.52675
-353.201905,306.80500000000006,324.04755
-353.201905,306.80500000000006,323.56835
-353.201905,306.80500000000006,323.08914999999996
-353.201905,306.80500000000006,322.60994999999997
-353.201905,306.80500000000006,322.13075
-353.201905,306.80500000000006,321.65155
-353.201905,306.80500000000006,321.17235
-353.201905,306.80500000000006,320.69315
-353.201905,306.80500000000006,320.21395
-353.201905,306.80500000000006,319.73474999999996
-353.201905,306.80500000000006,319.25554999999997
-353.201905,306.80500000000006,318.77635
-353.201905,306.80500000000006,318.29715
-353.201905,306.80500000000006,317.81795
-353.201905,306.80500000000006,317.33875
-353.201905,306.80500000000006,316.85955
-353.201905,306.80500000000006,316.38034999999996
-353.201905,306.80500000000006,315.90115
-353.201905,306.80500000000006,315.42195
-353.201905,306.80500000000006,314.94275
-353.201905,306.80500000000006,314.46355
-353.201905,306.80500000000006,313.98435
-353.201905,306.80500000000006,313.50514999999996
-353.201905,306.80500000000006,313.02594999999997
-353.201905,306.80500000000006,312.54675
-353.201905,306.80500000000006,312.06755
-353.201905,306.80500000000006,311.58835
-353.201905,306.80500000000006,311.10915
-353.201905,306.80500000000006,310.62995
-353.201905,306.80500000000006,310.15075
-353.201905,306.80500000000006,309.67154999999997
-353.201905,306.80500000000006,309.19235
-353.201905,306.80500000000006,308.71315
-353.201905,306.80500000000006,308.23395
-353.201905,306.80500000000006,307.75475
-353.201905,306.80500000000006,307.27555
-353.201905,306.80500000000006,306.79634999999996
-353.201905,306.80500000000006,306.31714999999997
-353.201905,306.80500000000006,305.83795
-353.201905,306.80500000000006,305.35875
-353.201905,306.80500000000006,304.87955
-353.201905,306.80500000000006,304.40035
-353.201905,306.80500000000006,303.92115
-353.201905,306.80500000000006,303.44194999999996
-353.201905,306.80500000000006,302.96274999999997
-353.201905,306.80500000000006,302.48355
-353.201905,306.80500000000006,302.00435
-353.201905,306.80500000000006,301.52515
-353.201905,306.80500000000006,301.04595
-353.201905,306.80500000000006,300.56674999999996
-353.201905,306.80500000000006,300.08754999999996
-353.201905,306.80500000000006,299.60835
-353.201905,306.80500000000006,299.12915
-353.201905,306.80500000000006,298.64995
-353.201905,306.80500000000006,298.17075
-353.201905,306.80500000000006,297.69155
-353.201905,306.80500000000006,297.21235
-353.201905,306.80500000000006,296.73314999999997
-353.201905,306.80500000000006,296.25395
-353.201905,306.80500000000006,295.77475
-353.201905,306.80500000000006,295.29555
-353.201905,306.80500000000006,294.81635
-353.201905,306.80500000000006,294.33715
-353.201905,306.80500000000006,293.85794999999996
-353.201905,306.80500000000006,293.37874999999997
-353.201905,306.80500000000006,292.89955
-353.201905,306.80500000000006,292.42035
-353.201905,306.80500000000006,291.94115
-353.201905,306.80500000000006,291.46195
-353.201905,306.80500000000006,290.98275
-353.201905,306.80500000000006,290.50354999999996
-353.201905,306.80500000000006,290.02434999999997
-353.201905,306.80500000000006,289.54515
-353.201905,306.80500000000006,289.06595
-353.201905,306.80500000000006,288.58675
-353.201905,306.80500000000006,288.10755
-353.201905,306.80500000000006,287.62834999999995
-353.201905,306.80500000000006,287.14914999999996
-353.201905,306.80500000000006,286.66995
-353.201905,306.80500000000006,286.19075
-353.201905,306.80500000000006,285.71155
-353.201905,306.80500000000006,285.23235
-353.201905,306.80500000000006,284.75315
-353.201905,306.80500000000006,284.27395
-353.201905,306.80500000000006,283.79474999999996
-353.201905,306.80500000000006,283.31555
-353.201905,306.80500000000006,282.83635
-353.201905,306.80500000000006,282.35715
-353.201905,306.80500000000006,281.87795
-353.201905,306.80500000000006,281.39875
-353.201905,306.80500000000006,280.91954999999996
-353.201905,306.80500000000006,280.44034999999997
-353.201905,306.80500000000006,279.96115
-353.201905,306.80500000000006,279.48195
-353.201905,306.80500000000006,279.00275
-353.201905,306.80500000000006,278.52355
-353.201905,306.80500000000006,278.04435
-353.201905,306.80500000000006,277.56515
-353.201905,306.80500000000006,277.08594999999997
-353.201905,306.80500000000006,276.60675
-353.201905,306.80500000000006,276.12755
-353.201905,306.80500000000006,275.64835
-353.201905,306.80500000000006,275.16915
-353.201905,306.80500000000006,274.68994999999995
-353.201905,306.80500000000006,274.21074999999996
-353.201905,306.80500000000006,273.73154999999997
-353.201905,306.80500000000006,273.25235
-353.201905,306.80500000000006,272.77315
-353.201905,306.80500000000006,272.29395
-353.201905,306.80500000000006,271.81475
-353.201905,306.80500000000006,271.33555
-353.201905,306.80500000000006,270.85635
-353.201905,306.80500000000006,270.37715
-353.201905,306.80500000000006,269.89795
-353.201905,306.80500000000006,269.41875
-353.201905,306.80500000000006,268.93955
-353.201905,306.80500000000006,268.46035
-353.201905,306.80500000000006,267.98114999999996
-353.201905,306.80500000000006,267.50194999999997
-353.201905,306.80500000000006,267.02275
-353.201905,306.80500000000006,266.54355
-353.201905,306.80500000000006,266.06435
-353.201905,306.80500000000006,265.58515
-353.201905,306.80500000000006,265.10595
-353.201905,306.80500000000006,264.62675
-353.201905,306.80500000000006,264.14754999999997
-353.201905,306.80500000000006,263.66835
-353.201905,306.80500000000006,263.18915
-353.201905,306.80500000000006,262.70995
-353.201905,306.80500000000006,262.23075
-353.201905,306.80500000000006,261.75154999999995
-353.201905,306.80500000000006,261.27234999999996
-353.201905,306.80500000000006,260.79314999999997
-353.201905,306.80500000000006,260.31395
-353.201905,306.80500000000006,259.83475
-353.201905,306.80500000000006,259.35555
-353.201905,306.80500000000006,258.87635
-353.201905,306.80500000000006,258.39715
-353.201905,306.80500000000006,257.91795
-353.201905,306.80500000000006,257.43874999999997
-353.201905,306.80500000000006,256.95955
-353.201905,306.80500000000006,256.48035
-353.201905,306.80500000000006,256.00115
-353.201905,306.80500000000006,255.52195
-353.201905,306.80500000000006,255.04274999999998
-353.201905,306.80500000000006,254.56355
-353.201905,306.80500000000006,254.08434999999997
-353.201905,306.80500000000006,253.60514999999998
-353.201905,306.80500000000006,253.12595
-353.201905,306.80500000000006,252.64675
-353.201905,306.80500000000006,252.16755
-353.201905,306.80500000000006,251.68834999999999
-353.201905,306.80500000000006,251.20914999999997
-353.201905,306.80500000000006,250.72994999999997
-353.201905,306.80500000000006,250.25074999999998
-353.201905,306.80500000000006,249.77155
-353.201905,306.80500000000006,249.29235
-353.201905,306.80500000000006,248.81315
-353.201905,306.80500000000006,248.33395
-353.201905,306.80500000000006,247.85474999999997
-353.201905,306.80500000000006,247.37554999999998
-353.201905,306.80500000000006,246.89634999999998
-353.201905,306.80500000000006,246.41715
-353.201905,306.80500000000006,245.93795
-353.201905,306.80500000000006,245.45874999999998
-353.201905,306.80500000000006,244.97955
-353.201905,306.80500000000006,244.50034999999997
-353.201905,306.80500000000006,244.02114999999998
-353.201905,306.80500000000006,243.54194999999999
-353.201905,306.80500000000006,243.06275
-353.201905,306.80500000000006,242.58355
-353.201905,306.80500000000006,242.10434999999998
-353.201905,306.80500000000006,241.62515
-353.201905,306.80500000000006,241.14594999999997
-353.201905,306.80500000000006,240.66674999999998
-353.201905,306.80500000000006,240.18755
-353.201905,306.80500000000006,239.70835
-353.201905,306.80500000000006,239.22915
-353.201905,306.80500000000006,238.74994999999998
-353.201905,306.80500000000006,238.27075
-353.201905,306.80500000000006,237.79154999999997
-353.201905,306.80500000000006,237.31234999999998
-353.201905,306.80500000000006,236.83315
-353.201905,306.80500000000006,236.35395
-353.201905,306.80500000000006,235.87475
-353.201905,306.80500000000006,235.39555
-353.201905,306.80500000000006,234.91634999999997
-353.201905,306.80500000000006,234.43714999999997
-353.201905,306.80500000000006,233.95794999999998
-353.201905,306.80500000000006,233.47875
-353.201905,306.80500000000006,232.99955
-353.201905,306.80500000000006,232.52035
353.00190499999997,306.80500000000006,232.53535
353.00190499999997,306.80500000000006,233.01454999999999
353.00190499999997,306.80500000000006,233.49374999999998
353.00190499999997,306.80500000000006,233.97294999999997
353.00190499999997,306.80500000000006,234.45215
353.00190499999997,306.80500000000006,234.93134999999998
353.00190499999997,306.80500000000006,235.41055
353.00190499999997,306.80500000000006,235.88975
353.00190499999997,306.80500000000006,236.36894999999998
353.00190499999997,306.80500000000006,236.84814999999998
353.00190499999997,306.80500000000006,237.32734999999997
353.00190499999997,306.80500000000006,237.80655
353.00190499999997,306.80500000000006,238.28575
353.00190499999997,306.80500000000006,238.76495
353.00190499999997,306.80500000000006,239.24415
353.00190499999997,306.80500000000006,239.72334999999998
353.00190499999997,306.80500000000006,240.20254999999997
353.00190499999997,306.80500000000006,240.68174999999997
353.00190499999997,306.80500000000006,241.16094999999999
353.00190499999997,306.80500000000006,241.64015
353.00190499999997,306.80500000000006,242.11935
353.00190499999997,306.80500000000006,242.59855
353.00190499999997,306.80500000000006,243.07774999999998
353.00190499999997,306.80500000000006,243.55694999999997
353.00190499999997,306.80500000000006,244.03615
353.00190499999997,306.80500000000006,244.51534999999998
353.00190499999997,306.80500000000006,244.99455
353.00190499999997,306.80500000000006,245.47375
353.00190499999997,306.80500000000006,245.95295
353.00190499999997,306.80500000000006,246.43214999999998
353.00190499999997,306.80500000000006,246.91134999999997
353.00190499999997,306.80500000000006,247.39055
353.00190499999997,306.80500000000006,247.86974999999998
353.00190499999997,306.80500000000006,248.34895
353.00190499999997,306.80500000000006,248.82815
353.00190499999997,306.80500000000006,249.30734999999999
353.00190499999997,306.80500000000006,249.78654999999998
353.00190499999997,306.80500000000006,250.26574999999997
353.00190499999997,306.80500000000006,250.74495
353.00190499999997,306.80500000000006,251.22414999999998
353.00190499999997,306.80500000000006,251.70335
353.00190499999997,306.80500000000006,252.18255
353.00190499999997,306.80500000000006,252.66174999999998
353.00190499999997,306.80500000000006,253.14094999999998
353.00190499999997,306.80500000000006,253.62014999999997
353.00190499999997,306.80500000000006,254.09935
353.00190499999997,306.80500000000006,254.57855
353.00190499999997,306.80500000000006,255.05775
353.00190499999997,306.80500000000006,255.53695
353.00190499999997,306.80500000000006,256.01615
353.00190499999997,306.80500000000006,256.49535
353.00190499999997,306.80500000000006,256.97454999999997
353.00190499999997,306.80500000000006,257.45375
353.00190499999997,306.80500000000006,257.93295
353.00190499999997,306.80500000000006,258.41215
353.00190499999997,306.80500000000006,258.89135
353.00190499999997,306.80500000000006,259.37055
353.00190499999997,306.80500000000006,259.84975
353.00190499999997,306.80500000000006,260.32894999999996
353.00190499999997,306.80500000000006,260.80814999999996
353.00190499999997,306.80500000000006,261.28735
353.00190499999997,306.80500000000006,261.76655
353.00190499999997,306.80500000000006,262.24575
353.00190499999997,306.80500000000006,262.72495
353.00190499999997,306.80500000000006,263.20414999999997
353.00190499999997,306.80500000000006,263.68335
353.00190499999997,306.80500000000006,264.16255
353.00190499999997,306.80500000000006,264.64175
353.00190499999997,306.80500000000006,265.12095
353.00190499999997,306.80500000000006,265.60015
353.00190499999997,306.80500000000006,266.07935
353.00190499999997,306.80500000000006,266.55854999999997
353.00190499999997,306.80500000000006,267.03774999999996
353.00190499999997,306.80500000000006,267.51694999999995
353.00190499999997,306.80500000000006,267.99615
353.00190499999997,306.80500000000006,268.47535
353.00190499999997,306.80500000000006,268.95455
353.00190499999997,306.80500000000006,269.43375
353.00190499999997,306.80500000000006,269.91294999999997
353.00190499999997,306.80500000000006,270.39215
353.00190499999997,306.80500000000006,270.87135
353.00190499999997,306.80500000000006,271.35055
353.00190499999997,306.80500000000006,271.82975
353.00190499999997,306.80500000000006,272.30895
353.00190499999997,306.80500000000006,272.78815
353.00190499999997,306.80500000000006,273.26734999999996
353.00190499999997,306.80500000000006,273.74654999999996
353.00190499999997,306.80500000000006,274.22575
353.00190499999997,306.80500000000006,274.70495
353.00190499999997,306.80500000000006,275.18415
353.00190499999997,306.80500000000006,275.66335
353.00190499999997,306.80500000000006,276.14254999999997
353.00190499999997,306.80500000000006,276.62175
353.00190499999997,306.80500000000006,277.10095
353.00190499999997,306.80500000000006,277.58015
353.00190499999997,306.80500000000006,278.05935
353.00190499999997,306.80500000000006,278.53855
353.00190499999997,306.80500000000006,279.01775
353.00190499999997,306.80500000000006,279.49694999999997
353.00190499999997,306.80500000000006,279.97614999999996
353.00190499999997,306.80500000000006,280.45534999999995
353.00190499999997,306.80500000000006,280.93455
353.00190499999997,306.80500000000006,281.41375
353.00190499999997,306.80500000000006,281.89295
353.00190499999997,306.80500000000006,282.37215
353.00190499999997,306.80500000000006,282.85134999999997
353.00190499999997,306.80500000000006,283.33055
353.00190499999997,306.80500000000006,283.80975
353.00190499999997,306.80500000000006,284.28895
353.00190499999997,306.80500000000006,284.76815
353.00190499999997,306.80500000000006,285.24735
353.00190499999997,306.80500000000006,285.72655
353.00190499999997,306.80500000000006,286.20574999999997
353.00190499999997,306.80500000000006,286.68494999999996
353.00190499999997,306.80500000000006,287.16415
353.00190499999997,306.80500000000006,287.64335
353.00190499999997,306.80500000000006,288.12255
353.00190499999997,306.80500000000006,288.60175
353.00190499999997,306.80500000000006,289.08095
353.00190499999997,306.80500000000006,289.56014999999996
353.00190499999997,306.80500000000006,290.03935
353.00190499999997,306.80500000000006,290.51855
353.00190499999997,306.80500000000006,290.99775
353.00190499999997,306.80500000000006,291.47695
353.00190499999997,306.80500000000006,291.95615
353.00190499999997,306.80500000000006,292.43534999999997
353.00190499999997,306.80500000000006,292.91454999999996
353.00190499999997,306.80500000000006,293.39374999999995
353.00190499999997,306.80500000000006,293.87295
353.00190499999997,306.80500000000006,294.35215
353.00190499999997,306.80500000000006,294.83135
353.00190499999997,306.80500000000006,295.31055
353.00190499999997,306.80500000000006,295.78974999999997
353.00190499999997,306.80500000000006,296.26895
353.00190499999997,306.80500000000006,296.74815
353.00190499999997,306.80500000000006,297.22735
353.00190499999997,306.80500000000006,297.70655
353.00190499999997,306.80500000000006,298.18575
353.00190499999997,306.80500000000006,298.66495
353.00190499999997,306.80500000000006,299.14414999999997
353.00190499999997,306.80500000000006,299.62334999999996
353.00190499999997,306.80500000000006,300.10255
353.00190499999997,306.80500000000006,300.58175
353.00190499999997,306.80500000000006,301.06095
353.00190499999997,306.80500000000006,301.54015
353.00190499999997,306.80500000000006,302.01935
353.00190499999997,306.80500000000006,302.49854999999997
353.00190499999997,306.80500000000006,302.97775
353.00190499999997,306.80500000000006,303.45695
353.00190499999997,306.80500000000006,303.93615
353.00190499999997,306.80500000000006,304.41535
353.00190499999997,306.80500000000006,304.89455
353.00190499999997,306.80500000000006,305.37375
353.00190499999997,306.80500000000006,305.85294999999996
353.00190499999997,306.80500000000006,306.33214999999996
353.00190499999997,306.80500000000006,306.81135
353.00190499999997,306.80500000000006,307.29055
353.00190499999997,306.80500000000006,307.76975
353.00190499999997,306.80500000000006,308.24895
353.00190499999997,306.80500000000006,308.72814999999997
353.00190499999997,306.80500000000006,309.20734999999996
353.00190499999997,306.80500000000006,309.68655
353.00190499999997,306.80500000000006,310.16575
353.00190499999997,306.80500000000006,310.64495
353.00190499999997,306.80500000000006,311.12415
353.00190499999997,306.80500000000006,311.60335
353.00190499999997,306.80500000000006,312.08254999999997
353.00190499999997,306.80500000000006,312.56174999999996
353.00190499999997,306.80500000000006,313.04095
353.00190499999997,306.80500000000006,313.52015
353.00190499999997,306.80500000000006,313.99935
353.00190499999997,306.80500000000006,314.47855
353.00190499999997,306.80500000000006,314.95775
353.00190499999997,306.80500000000006,315.43694999999997
353.00190499999997,306.80500000000006,315.91615
353.00190499999997,306.80500000000006,316.39535
353.00190499999997,306.80500000000006,316.87455
353.00190499999997,306.80500000000006,317.35375
353.00190499999997,306.80500000000006,317.83295
353.00190499999997,306.80500000000006,318.31215
353.00190499999997,306.80500000000006,318.79134999999997
353.00190499999997,306.80500000000006,319.27054999999996
353.00190499999997,306.80500000000006,319.74975
353.00190499999997,306.80500000000006,320.22895
353.00190499999997,306.80500000000006,320.70815
353.00190499999997,306.80500000000006,321.18735
353.00190499999997,306.80500000000006,321.66655
353.00190499999997,306.80500000000006,322.14574999999996
353.00190499999997,306.80500000000006,322.62495
353.00190499999997,306.80500000000006,323.10415
353.00190499999997,306.80500000000006,323.58335
353.00190499999997,306.80500000000006,324.06255
353.00190499999997,306.80500000000006,324.54175
353.00190499999997,306.80500000000006,325.02094999999997
353.00190499999997,306.80500000000006,325.50014999999996
353.00190499999997,306.80500000000006,325.97935
353.00190499999997,306.80500000000006,326.45855
353.00190499999997,306.80500000000006,326.93775
353.00190499999997,306.80500000000006,327.41695
353.00190499999997,306.80500000000006,327.89615
353.00190499999997,306.80500000000006,328.37534999999997
353.00190499999997,306.80500000000006,328.85454999999996
353.00190499999997,306.80500000000006,329.33375
353.00190499999997,306.80500000000006,329.81295
353.00190499999997,306.80500000000006,330.29215
353.00190499999997,306.80500000000006,330.77135
353.00190499999997,306.80500000000006,331.25055
353.00190499999997,306.80500000000006,331.72974999999997
353.00190499999997,306.80500000000006,332.20894999999996
353.00190499999997,306.80500000000006,332.68815
353.00190499999997,306.80500000000006,333.16735
353.00190499999997,306.80500000000006,333.64655
353.00190499999997,306.80500000000006,334.12575
353.00190499999997,306.80500000000006,334.60495
353.00190499999997,306.80500000000006,335.08414999999997
353.00190499999997,306.80500000000006,335.56335
353.00190499999997,306.80500000000006,336.04255
353.00190499999997,306.80500000000006,336.52175
353.00190499999997,306.80500000000006,337.00095
353.00190499999997,306.80500000000006,337.48015
353.00190499999997,306.80500000000006,337.95935
353.00190499999997,306.80500000000006,338.43854999999996
353.00190499999997,306.80500000000006,338.91775
353.00190499999997,306.80500000000006,339.39695
353.00190499999997,306.80500000000006,339.87615
353.00190499999997,306.80500000000006,340.35535
353.00190499999997,306.80500000000006,340.83455
353.00190499999997,306.80500000000006,341.31374999999997
353.00190499999997,306.80500000000006,341.79294999999996
353.00190499999997,306.80500000000006,342.27215
353.00190499999997,306.80500000000006,342.75135
353.00190499999997,306.80500000000006,343.23055
353.00190499999997,306.80500000000006,343.70975
353.00190499999997,306.80500000000006,344.18895
353.00190499999997,306.80500000000006,344.66814999999997
353.00190499999997,306.80500000000006,345.14735
353.00190499999997,306.80500000000006,345.62655
353.00190499999997,306.80500000000006,346.10575
353.00190499999997,306.80500000000006,346.58495
353.00190499999997,306.80500000000006,347.06415
353.00190499999997,306.80500000000006,347.54335
353.00190499999997,306.80500000000006,348.02254999999997
353.00190499999997,306.80500000000006,348.50175
353.00190499999997,306.80500000000006,348.98095
353.00190499999997,306.80500000000006,349.46015
353.00190499999997,306.80500000000006,349.93935
353.00190499999997,306.80500000000006,350.41855
353.00190499999997,306.80500000000006,350.89775
353.00190499999997,306.80500000000006,351.37694999999997
353.00190499999997,306.80500000000006,351.85615
353.00190499999997,306.80500000000006,352.33535
353.00190499999997,306.80500000000006,352.81455
353.00190499999997,306.80500000000006,353.29375
353.00190499999997,306.80500000000006,353.77295
353.00190499999997,306.80500000000006,354.25215
353.00190499999997,306.80500000000006,354.73134999999996
353.00190499999997,306.80500000000006,355.21055
353.00190499999997,306.80500000000006,355.68975
353.00190499999997,306.80500000000006,356.16895
353.00190499999997,306.80500000000006,356.64815
353.00190499999997,306.80500000000006,357.12735
353.00190499999997,306.80500000000006,357.60654999999997
353.00190499999997,306.80500000000006,358.08574999999996
353.00190499999997,306.80500000000006,358.56495
353.00190499999997,306.80500000000006,359.04415
353.00190499999997,306.80500000000006,359.52335
353.00190499999997,306.80500000000006,360.00255
353.00190499999997,306.80500000000006,360.48175
353.00190499999997,306.80500000000006,360.96094999999997
353.00190499999997,306.80500000000006,361.44014999999996
353.00190499999997,306.80500000000006,361.91935
353.00190499999997,306.80500000000006,362.39855
353.00190499999997,306.80500000000006,362.87775
353.00190499999997,306.80500000000006,363.35695
353.00190499999997,306.80500000000006,363.83615
353.00190499999997,306.80500000000006,364.31534999999997
353.00190499999997,306.80500000000006,364.79454999999996
353.00190499999997,306.80500000000006,365.27375
353.00190499999997,306.80500000000006,365.75295
353.00190499999997,306.80500000000006,366.23215
353.00190499999997,306.80500000000006,366.71135
353.00190499999997,306.80500000000006,367.19055
353.00190499999997,306.80500000000006,367.66974999999996
353.00190499999997,306.80500000000006,368.14895
353.00190499999997,306.80500000000006,368.62815
353.00190499999997,306.80500000000006,369.10735
353.00190499999997,306.80500000000006,369.58655
353.00190499999997,306.80500000000006,370.06575
353.00190499999997,306.80500000000006,370.54495
353.00190499999997,306.80500000000006,371.02414999999996
353.00190499999997,306.80500000000006,371.50335
353.00190499999997,306.80500000000006,371.98255
353.00190499999997,306.80500000000006,372.46175
353.00190499999997,306.80500000000006,372.94095
353.00190499999997,306.80500000000006,373.42015
353.00190499999997,306.80500000000006,373.89934999999997
353.00190499999997,306.80500000000006,374.37854999999996
353.00190499999997,306.80500000000006,374.85775
353.00190499999997,306.80500000000006,375.33695
353.00190499999997,306.80500000000006,375.81615
353.00190499999997,306.80500000000006,376.29535
353.00190499999997,306.80500000000006,376.77455
353.00190499999997,306.80500000000006,377.25374999999997
353.00190499999997,306.80500000000006,377.73294999999996
353.00190499999997,306.80500000000006,378.21215
353.00190499999997,306.80500000000006,378.69135
353.00190499999997,306.80500000000006,379.17055
353.00190499999997,306.80500000000006,379.64975
353.00190499999997,306.80500000000006,380.12895
353.00190499999997,306.80500000000006,380.60814999999997
353.00190499999997,306.80500000000006,381.08735
353.00190499999997,306.80500000000006,381.56655
353.00190499999997,306.80500000000006,382.04575
353.00190499999997,306.80500000000006,382.52495
353.00190499999997,306.80500000000006,383.00415
353.00190499999997,306.80500000000006,383.48335
353.00190499999997,306.80500000000006,383.96254999999996
353.00190499999997,306.80500000000006,384.44174999999996
353.00190499999997,306.80500000000006,384.92095
353.00190499999997,306.80500000000006,385.40015
353.00190499999997,306.80500000000006,385.87935
353.00190499999997,306.80500000000006,386.35855
353.00190499999997,306.80500000000006,386.83774999999997
353.00190499999997,306.80500000000006,387.31694999999996
353.00190499999997,306.80500000000006,387.79615
353.00190499999997,306.80500000000006,388.27535
353.00190499999997,306.80500000000006,388.75455
353.00190499999997,306.80500000000006,389.23375
353.00190499999997,306.80500000000006,389.71295
353.00190499999997,306.80500000000006,390.19214999999997
353.00190499999997,306.80500000000006,390.67134999999996
353.00190499999997,306.80500000000006,391.15055
353.00190499999997,306.80500000000006,391.62975
353.00190499999997,306.80500000000006,392.10895
353.00190499999997,306.80500000000006,392.58815
353.00190499999997,306.80500000000006,393.06735
353.00190499999997,306.80500000000006,393.54654999999997
353.00190499999997,306.80500000000006,394.02575
353.00190499999997,306.80500000000006,394.50495
353.00190499999997,306.80500000000006,394.98415
353.00190499999997,306.80500000000006,395.46335
353.00190499999997,306.80500000000006,395.94255
353.00190499999997,306.80500000000006,396.42175
353.00190499999997,306.80500000000006,396.90094999999997
353.00190499999997,306.80500000000006,397.38014999999996
353.00190499999997,306.80500000000006,397.85935
353.00190499999997,306.80500000000006,398.33855
353.00190499999997,306.80500000000006,398.81775
353.00190499999997,306.80500000000006,399.29695
353.00190499999997,306.80500000000006,399.77615
353.00190499999997,306.80500000000006,400.25534999999996
353.00190499999997,306.80500000000006,400.73455
353.00190499999997,306.80500000000006,401.21375
353.00190499999997,306.80500000000006,401.69295
353.00190499999997,306.80500000000006,402.17215
353.00190499999997,306.80500000000006,402.65135
353.00190499999997,306.80500000000006,403.13054999999997
353.00190499999997,306.80500000000006,403.60974999999996
353.00190499999997,306.80500000000006,404.08895
353.00190499999997,306.80500000000006,404.56815
353.00190499999997,306.80500000000006,405.04735
353.00190499999997,306.80500000000006,405.52655
353.00190499999997,306.80500000000006,406.00575
353.00190499999997,306.80500000000006,406.48494999999997
353.00190499999997,306.80500000000006,406.96415
353.00190499999997,306.80500000000006,407.44335
353.00190499999997,306.80500000000006,407.92255
353.00190499999997,306.80500000000006,408.40175
353.00190499999997,306.80500000000006,408.88095
353.00190499999997,306.80500000000006,409.36015
353.00190499999997,306.80500000000006,409.83934999999997
353.00190499999997,306.80500000000006,410.31854999999996
353.00190499999997,306.80500000000006,410.79775
353.00190499999997,306.80500000000006,411.27695
353.00190499999997,306.80500000000006,411.75615
353.00190499999997,306.80500000000006,412.23535
353.00190499999997,306.80500000000006,412.71455
353.00190499999997,306.80500000000006,413.19374999999997
353.00190499999997,306.80500000000006,413.67295
353.00190499999997,306.80500000000006,414.15215
353.00190499999997,306.80500000000006,414.63135
353.00190499999997,306.80500000000006,415.11055
353.00190499999997,306.80500000000006,415.58975
353.00190499999997,306.80500000000006,416.06895
353.00190499999997,306.80500000000006,416.54814999999996
353.00190499999997,306.80500000000006,417.02734999999996
353.00190499999997,306.80500000000006,417.50655
353.00190499999997,306.80500000000006,417.98575
353.00190499999997,306.80500000000006,418.46495
353.00190499999997,306.80500000000006,418.94415
353.00190499999997,306.80500000000006,419.42334999999997
353.00190499999997,306.80500000000006,419.90255
353.00190499999997,306.80500000000006,420.38175
353.00190499999997,306.80500000000006,420.86095
353.00190499999997,306.80500000000006,421.34015
353.00190499999997,306.80500000000006,421.81935
353.00190499999997,306.80500000000006,422.29855
353.00190499999997,306.80500000000006,422.77774999999997
353.00190499999997,306.80500000000006,423.25694999999996
353.00190499999997,306.80500000000006,423.73614999999995
353.00190499999997,306.80500000000006,424.21535
353.00190499999997,306.80500000000006,424.69455
353.00190499999997,306.80500000000006,425.17375
353.00190499999997,306.80500000000006,425.65295
353.00190499999997,306.80500000000006,426.13214999999997
353.00190499999997,306.80500000000006,426.61135
353.00190499999997,306.80500000000006,427.09055
353.00190499999997,306.80500000000006,427.56975
353.00190499999997,306.80500000000006,428.04895
353.00190499999997,306.80500000000006,428.52815
353.00190499999997,306.80500000000006,429.00735
353.00190499999997,306.80500000000006,429.48654999999997
353.00190499999997,306.80500000000006,429.96574999999996
353.00190499999997,306.80500000000006,430.44495
353.00190499999997,306.80500000000006,430.92415
353.00190499999997,306.80500000000006,431.40335
353.00190499999997,306.80500000000006,431.88255
353.00190499999997,306.80500000000006,432.36175
353.00190499999997,306.80500000000006,432.84095
353.00190499999997,306.80500000000006,433.32015
353.00190499999997,306.80500000000006,433.79935
353.00190499999997,306.80500000000006,434.27855
353.00190499999997,306.80500000000006,434.75775
353.00190499999997,306.80500000000006,435.23695
353.00190499999997,306.80500000000006,435.71614999999997
353.00190499999997,306.80500000000006,436.19534999999996
353.00190499999997,306.80500000000006,436.67454999999995
353.00190499999997,306.80500000000006,437.15375
353.00190499999997,306.80500000000006,437.63295
353.00190499999997,306.80500000000006,438.11215
353.00190499999997,306.80500000000006,438.59135
353.00190499999997,306.80500000000006,439.07054999999997
353.00190499999997,306.80500000000006,439.54975
353.00190499999997,306.80500000000006,440.02895
353.00190499999997,306.80500000000006,440.50815
353.00190499999997,306.80500000000006,440.98735
353.00190499999997,306.80500000000006,441.46655
353.00190499999997,306.80500000000006,441.94575
353.00190499999997,306.80500000000006,442.42494999999997
353.00190499999997,306.80500000000006,442.90414999999996
353.00190499999997,306.80500000000006,443.38335
353.00190499999997,306.80500000000006,443.86255
353.00190499999997,306.80500000000006,444.34175
353.00190499999997,306.80500000000006,444.82095
353.00190499999997,306.80500000000006,445.30015
353.00190499999997,306.80500000000006,445.77934999999997
353.00190499999997,306.80500000000006,446.25855
353.00190499999997,306.80500000000006,446.73775
353.00190499999997,306.80500000000006,447.21695
353.00190499999997,306.80500000000006,447.69615
353.00190499999997,306.80500000000006,448.17535
353.00190499999997,306.80500000000006,448.65455
353.00190499999997,306.80500000000006,449.13374999999996
353.00190499999997,306.80500000000006,449.61294999999996
353.00190499999997,306.80500000000006,450.09215
353.00190499999997,306.80500000000006,450.57135
353.00190499999997,306.80500000000006,451.05055
353.00190499999997,306.80500000000006,451.52975
353.00190499999997,306.80500000000006,452.00894999999997
353.00190499999997,306.80500000000006,452.48815
353.00190499999997,306.80500000000006,452.96735
353.00190499999997,306.80500000000006,453.44655
353.00190499999997,306.80500000000006,453.92575
353.00190499999997,306.80500000000006,454.40495
353.00190499999997,306.80500000000006,454.88415
353.00190499999997,306.80500000000006,455.36334999999997
353.00190499999997,306.80500000000006,455.84254999999996
353.00190499999997,306.80500000000006,456.32174999999995
353.00190499999997,306.80500000000006,456.80095
353.00190499999997,306.80500000000006,457.28015
353.00190499999997,306.80500000000006,457.75935
353.00190499999997,306.80500000000006,458.23855
353.00190499999997,306.80500000000006,458.71774999999997
353.00190499999997,306.80500000000006,459.19695
353.00190499999997,306.80500000000006,459.67615
353.00190499999997,306.80500000000006,460.15535
353.00190499999997,306.80500000000006,460.63455
353.00190499999997,306.80500000000006,461.11375
353.00190499999997,306.80500000000006,461.59295
353.00190499999997,306.80500000000006,462.07214999999997
